{
  "dino": 0.632239043712616,
  "clip_i": 0.714739978313446,
  "clip_t": 0.33622461929917336,
  "num_real_images": 5,
  "num_generated_images": 32
}