{
  "dino": 0.41476941108703613,
  "clip_i": 0.7769331336021423,
  "clip_t": 0.3199027478694916,
  "num_real_images": 6,
  "num_generated_images": 32
}