{
  "dino": 0.6472843885421753,
  "clip_i": 0.7930869460105896,
  "clip_t": 0.3261354472488165,
  "num_real_images": 5,
  "num_generated_images": 16
}