{
  "dino": 0.4313264787197113,
  "clip_i": 0.7254598140716553,
  "clip_t": 0.33726186864078045,
  "num_real_images": 5,
  "num_generated_images": 32
}