{
  "dino": 0.4508536756038666,
  "clip_i": 0.7654940485954285,
  "clip_t": 0.3370950883254409,
  "num_real_images": 6,
  "num_generated_images": 32
}