{
  "dino": 0.3376219868659973,
  "clip_i": 0.5958525538444519,
  "clip_t": 0.343888022005558,
  "num_real_images": 5,
  "num_generated_images": 32
}