{
  "dino": 0.18948575854301453,
  "clip_i": 0.6552752256393433,
  "clip_t": 0.33137535117566586,
  "num_real_images": 6,
  "num_generated_images": 32
}