{
  "dino": 0.5746573805809021,
  "clip_i": 0.7784698009490967,
  "clip_t": 0.3376470897346735,
  "num_real_images": 5,
  "num_generated_images": 16
}