{
  "dino": 0.5495486259460449,
  "clip_i": 0.7707492709159851,
  "clip_t": 0.328170258551836,
  "num_real_images": 5,
  "num_generated_images": 16
}