{
  "dino": 0.512357771396637,
  "clip_i": 0.8477753400802612,
  "clip_t": 0.30803416669368744,
  "num_real_images": 6,
  "num_generated_images": 16
}