{
  "dino": 0.5479649901390076,
  "clip_i": 0.7616078853607178,
  "clip_t": 0.3157556476071477,
  "num_real_images": 5,
  "num_generated_images": 32
}