{
  "dino": 0.5921081304550171,
  "clip_i": 0.6969925761222839,
  "clip_t": 0.3437660504132509,
  "num_real_images": 5,
  "num_generated_images": 32
}