{
  "dino": 0.1927012950181961,
  "clip_i": 0.6679019331932068,
  "clip_t": 0.3436546423472464,
  "num_real_images": 5,
  "num_generated_images": 32
}