{
  "dino": 0.7255316376686096,
  "clip_i": 0.8147427439689636,
  "clip_t": 0.3199835382401943,
  "num_real_images": 5,
  "num_generated_images": 32
}